table,column,data_type,is_nullable,column_default,column_key,extra,estimated_table_rows,total_rows,non_null_rows,distinct_non_null_values,code_hits,sample_values_json
achievements,id,bigint,NO,,PRI,auto_increment,49,49,49,49,,[]
achievements,code,varchar,NO,,UNI,,49,49,49,49,,[]
achievements,name,varchar,NO,,,,49,49,49,49,,[]
achievements,description,text,NO,,,,49,49,49,49,220,[]
achievements,icon,varchar,NO,'trophy',,,49,49,49,45,403,[]
achievements,points_reward,int,NO,0,,,49,49,49,17,61,[]
achievements,category,enum,YES,'usage',MUL,,49,49,49,9,161,[]
achievements,plan_type,varchar,YES,'free',,,49,49,49,3,60,"[{""value"":""all"",""qty"":25},{""value"":""pro"",""qty"":16},{""value"":""free"",""qty"":8}]"
achievements,sort_order,int,YES,0,,,49,49,49,49,51,[]
achievements,active,tinyint,NO,1,MUL,,49,49,49,1,77,"[{""value"":1,""qty"":49}]"
achievements,created_at,timestamp,YES,NULL,,,49,49,49,3,,"[{""value"":""2026-02-04 21:57:15"",""qty"":30},{""value"":""2026-02-03 21:00:22"",""qty"":15},{""value"":""2026-02-03 21:24:25"",""qty"":4}]"
achievements,updated_at,timestamp,YES,NULL,,,49,49,49,2,,"[{""value"":""2026-02-04 21:57:15"",""qty"":43},{""value"":""2026-02-04 21:57:14"",""qty"":6}]"
agendamentos,id,bigint,NO,,PRI,auto_increment,51,51,51,51,,[]
agendamentos,user_id,int,NO,,MUL,,51,51,51,6,,[]
agendamentos,conta_id,int,YES,NULL,MUL,,51,51,43,10,218,[]
agendamentos,titulo,varchar,NO,,,,51,51,51,41,176,[]
agendamentos,descricao,text,YES,NULL,,,51,51,0,0,326,[]
agendamentos,tipo,enum,YES,NULL,,,51,51,51,2,687,"[{""value"":""despesa"",""qty"":36},{""value"":""receita"",""qty"":15}]"
agendamentos,forma_pagamento,varchar,YES,NULL,,,51,51,22,2,104,"[{""value"":""pix"",""qty"":16},{""value"":""boleto"",""qty"":6}]"
agendamentos,categoria_id,int,YES,NULL,MUL,,51,51,51,26,202,[]
agendamentos,valor_centavos,bigint,YES,NULL,,,51,51,51,42,0,[]
agendamentos,moeda,char,YES,'BRL',,,51,51,51,1,24,"[{""value"":""BRL"",""qty"":51}]"
agendamentos,data_pagamento,datetime,NO,,,,51,51,51,43,52,[]
agendamentos,proxima_execucao,datetime,YES,NULL,,,51,51,51,44,0,[]
agendamentos,notificado_em,datetime,YES,NULL,,,51,51,12,10,6,[]
agendamentos,lembrete_antecedencia_em,datetime,YES,NULL,,,51,51,2,2,6,"[{""value"":""2026-02-10 10:48:02"",""qty"":1},{""value"":""2026-03-02 13:41:02"",""qty"":1}]"
agendamentos,concluido_em,datetime,YES,NULL,,,51,51,7,7,0,[]
agendamentos,lembrar_antes_segundos,int,YES,0,,,51,51,51,8,21,[]
agendamentos,canal_email,tinyint,YES,1,,,51,51,51,2,18,"[{""value"":1,""qty"":34},{""value"":0,""qty"":17}]"
agendamentos,canal_inapp,tinyint,YES,1,,,51,51,51,1,18,"[{""value"":1,""qty"":51}]"
agendamentos,recorrente,tinyint,NO,0,,,51,51,51,2,63,"[{""value"":0,""qty"":31},{""value"":1,""qty"":20}]"
agendamentos,eh_parcelado,tinyint,NO,0,,,51,51,51,2,37,"[{""value"":0,""qty"":45},{""value"":1,""qty"":6}]"
agendamentos,numero_parcelas,int,YES,NULL,,,51,51,6,4,39,"[{""value"":2,""qty"":2},{""value"":12,""qty"":2},{""value"":3,""qty"":1},{""value"":4,""qty"":1}]"
agendamentos,parcela_atual,int,NO,1,,,51,51,51,3,34,"[{""value"":1,""qty"":49},{""value"":2,""qty"":1},{""value"":3,""qty"":1}]"
agendamentos,recorrencia_freq,enum,YES,NULL,,,51,51,21,2,33,"[{""value"":""mensal"",""qty"":20},{""value"":""anual"",""qty"":1}]"
agendamentos,recorrencia_intervalo,int,YES,NULL,,,51,51,20,1,0,"[{""value"":1,""qty"":20}]"
agendamentos,recorrencia_fim,date,YES,NULL,,,51,51,2,2,34,"[{""value"":""2027-02-10"",""qty"":1},{""value"":""2029-02-10"",""qty"":1}]"
agendamentos,status,enum,YES,'pendente',MUL,,51,51,51,4,,"[{""value"":""pendente"",""qty"":35},{""value"":""notificado"",""qty"":9},{""value"":""concluido"",""qty"":4},{""value"":""cancelado"",""qty"":3}]"
agendamentos,created_at,datetime,YES,current_timestamp(),,,51,51,51,48,,[]
agendamentos,updated_at,datetime,YES,current_timestamp(),,"on update current_timestamp()",51,51,51,50,,[]
ai_chat_messages,id,bigint,NO,,PRI,auto_increment,282,282,282,282,,[]
ai_chat_messages,conversation_id,bigint,NO,,MUL,,282,282,282,21,24,[]
ai_chat_messages,role,enum,NO,,MUL,,282,282,282,2,120,"[{""value"":""user"",""qty"":141},{""value"":""assistant"",""qty"":141}]"
ai_chat_messages,content,text,NO,,,,282,282,282,224,394,[]
ai_chat_messages,tokens_used,int,YES,NULL,,,282,282,0,0,6,[]
ai_chat_messages,intent,varchar,YES,NULL,,,282,282,141,7,107,[]
ai_chat_messages,created_at,timestamp,NO,current_timestamp(),MUL,,282,282,282,220,,[]
ai_conversations,id,bigint,NO,,PRI,auto_increment,31,31,31,31,,[]
ai_conversations,user_id,bigint,NO,,MUL,,31,31,31,7,,[]
ai_conversations,titulo,varchar,YES,NULL,,,31,31,21,10,176,[]
ai_conversations,state,varchar,NO,'idle',MUL,,31,31,31,2,102,"[{""value"":""idle"",""qty"":30},{""value"":""collecting_entity"",""qty"":1}]"
ai_conversations,state_data,longtext,YES,NULL,,,31,31,1,1,6,"[{""value"":""{\"entity_type\":\"meta\",\"partial_data\":{\"titulo\":\"Meta\"},\"missing_fields\":[\"val..."",""qty"":1}]"
ai_conversations,created_at,timestamp,YES,NULL,,,31,31,31,27,,[]
ai_conversations,updated_at,timestamp,YES,NULL,,,31,31,31,31,,[]
ai_logs,id,bigint,NO,,PRI,auto_increment,205,205,205,205,,[]
ai_logs,user_id,bigint,YES,NULL,MUL,,205,205,205,7,,[]
ai_logs,type,enum,NO,,MUL,,205,205,205,10,,[]
ai_logs,channel,varchar,NO,'web',MUL,,205,205,205,2,41,"[{""value"":""web"",""qty"":108},{""value"":""telegram"",""qty"":97}]"
ai_logs,prompt,text,NO,,,,205,205,205,150,43,[]
ai_logs,response,mediumtext,YES,NULL,,,205,205,205,166,195,[]
ai_logs,provider,varchar,NO,'openai',,,205,205,205,2,86,"[{""value"":""openai"",""qty"":194},{""value"":""internal"",""qty"":11}]"
ai_logs,model,varchar,YES,NULL,,,205,205,205,3,53,"[{""value"":""gpt-4o-mini"",""qty"":193},{""value"":""regex+rules"",""qty"":11},{""value"":""whisper-1"",""qty"":1}]"
ai_logs,tokens_prompt,int,YES,NULL,,,205,205,205,68,15,[]
ai_logs,tokens_completion,int,YES,NULL,,,205,205,205,69,15,[]
ai_logs,tokens_total,int,YES,NULL,,,205,205,205,83,20,[]
ai_logs,response_time_ms,int,NO,0,,,205,205,205,141,14,[]
ai_logs,success,tinyint,NO,1,MUL,,205,205,205,2,421,"[{""value"":1,""qty"":199},{""value"":0,""qty"":6}]"
ai_logs,error_message,varchar,YES,NULL,,,205,205,6,4,16,"[{""value"":""Não há dados financeiros suficientes para análise neste período."",""qty"":2},{""value"":""⚠️ Erro ao criar: Application\\Services\\LancamentoCreationService::createCarta..."",""qty"":2},{""value"":""Falha na API de transcricao: Client error: `POST https://api.openai.com/v1/au..."",""qty"":1},{""value"":""Não consegui entender a transação. Tente algo como: \"gastei 40 no uber\" ou \"i..."",""qty"":1}]"
ai_logs,source,varchar,YES,NULL,,,205,205,79,3,63,"[{""value"":""rule"",""qty"":43},{""value"":""llm"",""qty"":26},{""value"":""computed"",""qty"":10}]"
ai_logs,confidence,double,YES,NULL,MUL,,205,205,79,8,40,[]
ai_logs,prompt_version,varchar,YES,NULL,,,205,205,57,4,4,"[{""value"":""1.0"",""qty"":19},{""value"":""1.2"",""qty"":14},{""value"":""1.1"",""qty"":13},{""value"":""telegram_t"",""qty"":11}]"
ai_logs,created_at,timestamp,NO,current_timestamp(),MUL,,205,205,205,200,,[]
assinaturas_usuarios,id,bigint,NO,,PRI,auto_increment,70,70,70,70,,[]
assinaturas_usuarios,user_id,int,NO,,MUL,,70,70,70,61,,[]
assinaturas_usuarios,plano_id,int,NO,,MUL,,70,70,70,3,25,"[{""value"":1,""qty"":39},{""value"":2,""qty"":29},{""value"":3,""qty"":2}]"
assinaturas_usuarios,gateway,varchar,NO,,MUL,,70,70,70,4,32,"[{""value"":""interno"",""qty"":54},{""value"":""admin"",""qty"":9},{""value"":""referral"",""qty"":6},{""value"":""asaas"",""qty"":1}]"
assinaturas_usuarios,external_customer_id,varchar,YES,NULL,MUL,,70,70,1,1,16,"[{""value"":""cus_000007293623"",""qty"":1}]"
assinaturas_usuarios,external_subscription_id,varchar,YES,NULL,MUL,,70,70,1,1,11,"[{""value"":""sub_d5oi2ztld1rrp1w6"",""qty"":1}]"
assinaturas_usuarios,external_payment_id,varchar,YES,NULL,MUL,,70,70,0,0,17,[]
assinaturas_usuarios,billing_type,enum,NO,'CREDIT_CARD',,,70,70,70,1,10,"[{""value"":""CREDIT_CARD"",""qty"":70}]"
assinaturas_usuarios,status,enum,NO,'pending',MUL,,70,70,70,3,,"[{""value"":""active"",""qty"":52},{""value"":"""",""qty"":15},{""value"":""canceled"",""qty"":3}]"
assinaturas_usuarios,renova_em,datetime,YES,NULL,,,70,70,70,70,37,[]
assinaturas_usuarios,cancelada_em,datetime,YES,NULL,,,70,70,3,3,9,"[{""value"":""2026-01-21 17:59:28"",""qty"":1},{""value"":""2026-02-11 22:07:08"",""qty"":1},{""value"":""2026-02-09 12:38:57"",""qty"":1}]"
assinaturas_usuarios,created_at,datetime,YES,current_timestamp(),,,70,70,70,70,,[]
assinaturas_usuarios,updated_at,datetime,YES,current_timestamp(),,"on update current_timestamp()",70,70,70,70,,[]
assinaturas_usuarios,version,int,NO,0,,,70,70,70,1,2,"[{""value"":0,""qty"":70}]"
auditoria_cobrancas,id,bigint,NO,,PRI,auto_increment,0,0,0,0,,[]
auditoria_cobrancas,user_id,bigint,NO,,MUL,,0,0,0,0,,[]
auditoria_cobrancas,assinatura_id,bigint,YES,NULL,MUL,,0,0,0,0,11,[]
auditoria_cobrancas,action,varchar,NO,,MUL,,0,0,0,0,213,[]
auditoria_cobrancas,status_anterior,varchar,YES,NULL,,,0,0,0,0,3,[]
auditoria_cobrancas,status_novo,varchar,YES,NULL,,,0,0,0,0,3,[]
auditoria_cobrancas,external_id,varchar,YES,NULL,MUL,,0,0,0,0,7,[]
auditoria_cobrancas,valor,decimal,YES,NULL,,,0,0,0,0,722,[]
auditoria_cobrancas,metadata,longtext,YES,NULL,,,0,0,0,0,46,[]
auditoria_cobrancas,ip_address,varchar,YES,NULL,,,0,0,0,0,9,[]
auditoria_cobrancas,user_agent,varchar,YES,NULL,,,0,0,0,0,5,[]
auditoria_cobrancas,created_at,timestamp,NO,current_timestamp(),,"on update current_timestamp()",0,0,0,0,,[]
auditoria_preco_investimento,id,bigint,NO,,,,3,3,3,1,,"[{""value"":0,""qty"":3}]"
auditoria_preco_investimento,investimento_id,int,NO,,,,3,3,3,1,2,"[{""value"":8,""qty"":3}]"
auditoria_preco_investimento,preco_anterior,decimal,NO,,,,3,3,3,3,0,"[{""value"":""20.00"",""qty"":1},{""value"":""100.00"",""qty"":1},{""value"":""0.10"",""qty"":1}]"
auditoria_preco_investimento,preco_novo,decimal,NO,,,,3,3,3,3,0,"[{""value"":""100.00"",""qty"":1},{""value"":""0.10"",""qty"":1},{""value"":""10.00"",""qty"":1}]"
auditoria_preco_investimento,alterado_em,datetime,YES,current_timestamp(),,,3,3,3,3,0,"[{""value"":""2025-11-28 20:07:29"",""qty"":1},{""value"":""2025-11-28 20:27:09"",""qty"":1},{""value"":""2025-11-28 20:27:10"",""qty"":1}]"
auditoria_preco_investimento,observacao,varchar,YES,"'atualização de preço'",,,3,3,3,1,41,"[{""value"":""atualização de preço"",""qty"":3}]"
blog_categorias,id,bigint,NO,,PRI,auto_increment,6,6,6,6,,[]
blog_categorias,nome,varchar,NO,,,,6,6,6,6,743,[]
blog_categorias,slug,varchar,NO,,UNI,,6,6,6,6,123,[]
blog_categorias,icone,varchar,YES,NULL,,,6,6,6,6,193,[]
blog_categorias,ordem,int,NO,0,,,6,6,6,6,19,[]
blog_categorias,created_at,timestamp,YES,NULL,,,6,6,6,2,,"[{""value"":""2026-03-04 20:19:08"",""qty"":5},{""value"":""2026-03-05 19:21:23"",""qty"":1}]"
blog_categorias,updated_at,timestamp,YES,NULL,,,6,6,6,2,,"[{""value"":""2026-03-04 20:19:08"",""qty"":5},{""value"":""2026-03-05 19:21:23"",""qty"":1}]"
blog_posts,id,bigint,NO,,PRI,auto_increment,18,18,18,18,,[]
blog_posts,blog_categoria_id,bigint,YES,NULL,MUL,,18,18,18,6,46,[]
blog_posts,titulo,varchar,NO,,,,18,18,18,18,176,[]
blog_posts,slug,varchar,NO,,UNI,,18,18,18,18,123,[]
blog_posts,resumo,text,YES,NULL,,,18,18,18,18,92,[]
blog_posts,conteudo,longtext,NO,,,,18,18,18,18,45,[]
blog_posts,imagem_capa,varchar,YES,NULL,,,18,18,18,18,30,[]
blog_posts,meta_title,varchar,YES,NULL,,,18,18,18,18,35,[]
blog_posts,meta_description,text,YES,NULL,,,18,18,18,18,35,[]
blog_posts,tempo_leitura,smallint,YES,NULL,,,18,18,18,4,40,"[{""value"":3,""qty"":9},{""value"":4,""qty"":5},{""value"":2,""qty"":3},{""value"":1,""qty"":1}]"
blog_posts,status,enum,NO,'draft',MUL,,18,18,18,1,,"[{""value"":""published"",""qty"":18}]"
blog_posts,published_at,datetime,YES,NULL,MUL,,18,18,18,3,36,"[{""value"":""2026-03-04 20:20:38"",""qty"":14},{""value"":""2026-03-05 19:21:23"",""qty"":3},{""value"":""2026-03-04 22:04:00"",""qty"":1}]"
blog_posts,created_at,timestamp,YES,NULL,,,18,18,18,3,,"[{""value"":""2026-03-04 20:20:38"",""qty"":14},{""value"":""2026-03-05 19:21:23"",""qty"":3},{""value"":""2026-03-04 22:04:00"",""qty"":1}]"
blog_posts,updated_at,timestamp,YES,NULL,,,18,18,18,18,,[]
cartoes_credito,id,bigint,NO,,PRI,auto_increment,12,12,12,12,,[]
cartoes_credito,user_id,int,NO,,MUL,,12,12,12,9,,[]
cartoes_credito,conta_id,int,NO,,MUL,,12,12,12,12,218,[]
cartoes_credito,nome_cartao,varchar,NO,,,,12,12,12,7,99,[]
cartoes_credito,bandeira,varchar,NO,,,,12,12,12,2,36,"[{""value"":""mastercard"",""qty"":10},{""value"":""visa"",""qty"":2}]"
cartoes_credito,ultimos_digitos,varchar,NO,,,,12,12,12,8,21,[]
cartoes_credito,limite_total,decimal,NO,0.00,,,12,12,12,10,48,[]
cartoes_credito,limite_disponivel,decimal,NO,0.00,,,12,12,12,11,42,[]
cartoes_credito,dia_vencimento,tinyint,YES,NULL,,,12,12,12,7,48,[]
cartoes_credito,dia_fechamento,tinyint,YES,NULL,,,12,12,12,9,38,[]
cartoes_credito,cor_cartao,varchar,YES,NULL,,,12,12,0,0,16,[]
cartoes_credito,ativo,tinyint,NO,1,,,12,12,12,2,129,"[{""value"":1,""qty"":11},{""value"":0,""qty"":1}]"
cartoes_credito,arquivado,tinyint,NO,0,,,12,12,12,2,12,"[{""value"":0,""qty"":11},{""value"":1,""qty"":1}]"
cartoes_credito,lembrar_fatura_antes_segundos,int,YES,NULL,,,12,12,0,0,13,[]
cartoes_credito,fatura_canal_email,tinyint,NO,0,,,12,12,12,1,8,"[{""value"":0,""qty"":12}]"
cartoes_credito,fatura_canal_inapp,tinyint,NO,1,,,12,12,12,2,8,"[{""value"":1,""qty"":11},{""value"":0,""qty"":1}]"
cartoes_credito,fatura_notificado_mes,varchar,YES,NULL,,,12,12,0,0,5,[]
cartoes_credito,created_at,timestamp,YES,NULL,,,12,12,12,12,,[]
cartoes_credito,updated_at,timestamp,YES,NULL,,,12,12,12,12,,[]
categorias,id,int,NO,,PRI,auto_increment,3850,3850,3850,3850,,[]
categorias,nome,varchar,NO,,,,3850,3850,3850,122,743,[]
categorias,icone,varchar,YES,NULL,,,3850,3850,3831,56,193,[]
categorias,tipo,enum,NO,,MUL,,3850,3850,3850,2,687,"[{""value"":""despesa"",""qty"":2920},{""value"":""receita"",""qty"":930}]"
categorias,user_id,int,NO,,MUL,,3850,3850,3850,62,,[]
categorias,parent_id,int,YES,NULL,MUL,,3850,3850,2603,715,68,[]
categorias,is_seeded,tinyint,NO,0,MUL,,3850,3850,3850,2,30,"[{""value"":1,""qty"":3830},{""value"":0,""qty"":20}]"
categorias,ordem,smallint,NO,0,,,3850,3850,3850,41,19,[]
categorias,is_default,tinyint,NO,0,,,3850,3850,3850,1,0,"[{""value"":0,""qty"":3850}]"
categorias_investimento,id,int,NO,,,,12,12,12,6,,[]
categorias_investimento,nome,varchar,NO,,,,12,12,12,6,743,[]
categorias_investimento,icone,varchar,YES,NULL,,,12,12,12,6,193,[]
categorias_investimento,cor,varchar,YES,NULL,,,12,12,12,6,58,[]
categorias_investimento,criado_em,datetime,YES,current_timestamp(),,,12,12,12,1,0,"[{""value"":""2025-10-22 17:20:47"",""qty"":12}]"
cobrancas_duplicadas,id,bigint,NO,,PRI,auto_increment,0,0,0,0,,[]
cobrancas_duplicadas,user_id,bigint,NO,,MUL,,0,0,0,0,,[]
cobrancas_duplicadas,external_id,varchar,NO,,MUL,,0,0,0,0,7,[]
cobrancas_duplicadas,valor,decimal,NO,,,,0,0,0,0,722,[]
cobrancas_duplicadas,status,varchar,NO,,,,0,0,0,0,,[]
cobrancas_duplicadas,detalhes,text,YES,NULL,,,0,0,0,0,16,[]
cobrancas_duplicadas,estornado,tinyint,NO,0,MUL,,0,0,0,0,3,[]
cobrancas_duplicadas,detectado_em,timestamp,NO,current_timestamp(),,"on update current_timestamp()",0,0,0,0,8,[]
cobrancas_duplicadas,resolvido_em,timestamp,YES,NULL,,,0,0,0,0,2,[]
cobrancas_duplicadas,created_at,timestamp,YES,NULL,,,0,0,0,0,,[]
cobrancas_duplicadas,updated_at,timestamp,YES,NULL,,,0,0,0,0,,[]
contas,id,int,NO,,PRI,auto_increment,75,75,75,75,,[]
contas,user_id,int,NO,,MUL,,75,75,75,31,,[]
contas,nome,varchar,NO,,,,75,75,75,49,743,[]
contas,cor,varchar,YES,NULL,,,75,75,0,0,58,[]
contas,instituicao,varchar,YES,NULL,,,75,75,12,6,52,[]
contas,instituicao_financeira_id,bigint,YES,NULL,MUL,,75,75,73,19,18,[]
contas,moeda,varchar,YES,NULL,,,75,75,75,2,24,"[{""value"":""BRL"",""qty"":73},{""value"":""USD"",""qty"":2}]"
contas,tipo_id,int,YES,NULL,,,75,75,0,0,7,[]
contas,tipo_conta,enum,NO,'conta_corrente',MUL,,75,75,75,4,24,"[{""value"":""conta_corrente"",""qty"":59},{""value"":""conta_investimento"",""qty"":8},{""value"":""conta_poupanca"",""qty"":7},{""value"":""carteira_digital"",""qty"":1}]"
contas,saldo_inicial,decimal,NO,0.00,MUL,,75,75,75,42,49,[]
contas,ativo,tinyint,NO,1,MUL,,75,75,75,2,129,"[{""value"":1,""qty"":56},{""value"":0,""qty"":19}]"
contas,created_at,timestamp,YES,NULL,,,75,75,75,75,,[]
contas,updated_at,timestamp,YES,NULL,,,75,75,75,75,,[]
contas,deleted_at,timestamp,YES,NULL,,,75,75,8,8,,[]
cupons,id,int,NO,,PRI,auto_increment,3,3,3,3,,"[{""value"":5,""qty"":1},{""value"":6,""qty"":1},{""value"":7,""qty"":1}]"
cupons,codigo,varchar,NO,,UNI,,3,3,3,3,115,"[{""value"":""PRO50VIP"",""qty"":1},{""value"":""CARNAVAL10"",""qty"":1},{""value"":""PROMO50"",""qty"":1}]"
cupons,tipo_desconto,enum,NO,'percentual',,,3,3,3,1,15,"[{""value"":""percentual"",""qty"":3}]"
cupons,valor_desconto,decimal,NO,,,,3,3,3,2,18,"[{""value"":""50.00"",""qty"":2},{""value"":""10.00"",""qty"":1}]"
cupons,valido_ate,datetime,YES,NULL,MUL,,3,3,3,3,23,"[{""value"":""2026-02-17 23:59:59"",""qty"":1},{""value"":""2026-02-20 20:00:59"",""qty"":1},{""value"":""2026-03-11 23:00:59"",""qty"":1}]"
cupons,limite_uso,int,NO,0,,,3,3,3,1,16,"[{""value"":0,""qty"":3}]"
cupons,uso_atual,int,NO,0,,,3,3,3,1,10,"[{""value"":0,""qty"":3}]"
cupons,ativo,tinyint,NO,1,MUL,,3,3,3,2,129,"[{""value"":0,""qty"":2},{""value"":1,""qty"":1}]"
cupons,apenas_primeira_assinatura,tinyint,NO,1,,,3,3,3,2,6,"[{""value"":0,""qty"":2},{""value"":1,""qty"":1}]"
cupons,permite_reativacao,tinyint,NO,0,,,3,3,3,1,6,"[{""value"":0,""qty"":3}]"
cupons,meses_inatividade_reativacao,int,NO,3,,,3,3,3,2,8,"[{""value"":3,""qty"":2},{""value"":1,""qty"":1}]"
cupons,descricao,text,YES,NULL,,,3,3,3,2,326,"[{""value"":"""",""qty"":2},{""value"":""Desconto premiado"",""qty"":1}]"
cupons,created_at,timestamp,YES,NULL,,,3,3,3,3,,"[{""value"":""2026-02-14 13:43:30"",""qty"":1},{""value"":""2026-02-19 19:54:33"",""qty"":1},{""value"":""2026-03-10 22:15:53"",""qty"":1}]"
cupons,updated_at,timestamp,YES,NULL,,,3,3,3,3,,"[{""value"":""2026-02-19 19:53:35"",""qty"":1},{""value"":""2026-02-21 02:29:41"",""qty"":1},{""value"":""2026-03-10 22:15:53"",""qty"":1}]"
cupons_usados,id,bigint,NO,,PRI,auto_increment,0,0,0,0,,[]
cupons_usados,cupom_id,int,NO,,MUL,,0,0,0,0,19,[]
cupons_usados,usuario_id,int,NO,,MUL,,0,0,0,0,21,[]
cupons_usados,assinatura_id,bigint,YES,NULL,MUL,,0,0,0,0,11,[]
cupons_usados,desconto_aplicado,decimal,NO,,,,0,0,0,0,6,[]
cupons_usados,valor_original,decimal,NO,,,,0,0,0,0,8,[]
cupons_usados,valor_final,decimal,NO,,,,0,0,0,0,5,[]
cupons_usados,usado_em,timestamp,YES,current_timestamp(),,,0,0,0,0,5,[]
ddd,id_ddd,int,NO,,PRI,auto_increment,0,1,1,1,7,"[{""value"":1,""qty"":1}]"
ddd,codigo,varchar,NO,,UNI,,0,1,1,1,115,"[{""value"":""44"",""qty"":1}]"
documentos,id,int,NO,,PRI,auto_increment,3,3,3,3,,"[{""value"":4,""qty"":1},{""value"":5,""qty"":1},{""value"":6,""qty"":1}]"
documentos,numero,varchar,YES,NULL,MUL,,3,3,0,0,42,[]
documentos,cpf_hash,char,YES,NULL,,,3,3,3,3,4,"[{""value"":""4f31d182d65cbb88e53cb215b4243617b5f6aca07e6bbc4807a2a124504c0672"",""qty"":1},{""value"":""6ef29a62a4e7d593e8328dd761e00e2ce3b5d7ba65ccdf2d38d768ae412ffa0e"",""qty"":1},{""value"":""bb58f0b2d827a3fc00f275a026468a05d58d21321626906dacc97d69b2e466fc"",""qty"":1}]"
documentos,cpf_encrypted,text,YES,NULL,,,3,3,3,3,7,"[{""value"":""eyJ2IjoxLCJpdiI6IlJSQWU5SjVNVmd1YXJcL2NDIiwidGFnIjoiK3Y4eG4xUEV4aVZWb2Y0TnZpR..."",""qty"":1},{""value"":""eyJ2IjoxLCJpdiI6InF3ZmVib0JDeTc4VE1yODIiLCJ0YWciOiIrTXIyMllXdWJ6eVg1T1MzMnZyT..."",""qty"":1},{""value"":""eyJ2IjoxLCJpdiI6IjlRTW8wTG0zSWJPKzREbU4iLCJ0YWciOiJXSDRPaEJacUp2TlwvK29vek02c..."",""qty"":1}]"
documentos,id_tipo,int,NO,,MUL,,3,3,3,1,8,"[{""value"":1,""qty"":3}]"
documentos,id_usuario,int,NO,,MUL,,3,3,3,3,18,"[{""value"":1,""qty"":1},{""value"":26,""qty"":1},{""value"":95,""qty"":1}]"
enderecos,id,bigint,NO,,PRI,auto_increment,3,3,3,3,,"[{""value"":1,""qty"":1},{""value"":3,""qty"":1},{""value"":4,""qty"":1}]"
enderecos,user_id,bigint,NO,,,,3,3,3,3,,"[{""value"":1,""qty"":1},{""value"":26,""qty"":1},{""value"":95,""qty"":1}]"
enderecos,cep,varchar,YES,NULL,,,3,3,3,3,31,"[{""value"":""87345000"",""qty"":1},{""value"":""87345-000"",""qty"":1},{""value"":""87355-000"",""qty"":1}]"
enderecos,rua,varchar,NO,,,,3,3,3,3,21,"[{""value"":""Vital Brasil"",""qty"":1},{""value"":""Avenida Paraná"",""qty"":1},{""value"":""Rua Joaquim Carula"",""qty"":1}]"
enderecos,numero,varchar,NO,,,,3,3,3,3,42,"[{""value"":""1787"",""qty"":1},{""value"":""781"",""qty"":1},{""value"":""385"",""qty"":1}]"
enderecos,complemento,varchar,YES,NULL,,,3,3,3,2,11,"[{""value"":""casa"",""qty"":2},{""value"":""Centro"",""qty"":1}]"
enderecos,bairro,varchar,NO,,,,3,3,3,2,13,"[{""value"":""Centro"",""qty"":2},{""value"":""Novo Horizonte II"",""qty"":1}]"
enderecos,cidade,varchar,NO,,,,3,3,3,2,14,"[{""value"":""Campina da Lagoa"",""qty"":2},{""value"":""Juranda"",""qty"":1}]"
enderecos,estado,varchar,NO,,,,3,3,3,1,30,"[{""value"":""PR"",""qty"":3}]"
enderecos,tipo,varchar,NO,'principal',,,3,3,3,1,687,"[{""value"":""principal"",""qty"":3}]"
enderecos,created_at,timestamp,YES,NULL,,,3,3,3,3,,"[{""value"":""2025-11-17 19:15:36"",""qty"":1},{""value"":""2026-01-24 01:24:10"",""qty"":1},{""value"":""2026-02-04 20:02:01"",""qty"":1}]"
enderecos,updated_at,timestamp,YES,NULL,,,3,3,3,3,,"[{""value"":""2026-01-19 23:00:50"",""qty"":1},{""value"":""2026-01-24 13:49:58"",""qty"":1},{""value"":""2026-02-04 20:02:01"",""qty"":1}]"
error_logs,id,bigint,NO,,PRI,auto_increment,6403,6747,6747,6747,,[]
error_logs,level,enum,NO,'error',MUL,,6403,6747,6747,3,88,"[{""value"":""warning"",""qty"":3467},{""value"":""error"",""qty"":3279},{""value"":""info"",""qty"":1}]"
error_logs,category,varchar,NO,'general',MUL,,6403,6747,6747,4,161,"[{""value"":""auth"",""qty"":6720},{""value"":""payment"",""qty"":16},{""value"":""webhook"",""qty"":10},{""value"":""security"",""qty"":1}]"
error_logs,message,varchar,NO,,,,6403,6747,6747,16,1006,[]
error_logs,context,longtext,YES,NULL,,,6403,6747,6744,71,201,[]
error_logs,exception_class,varchar,YES,NULL,,,6403,6747,3273,4,2,"[{""value"":""Application\\Core\\Exceptions\\ValidationException"",""qty"":3264},{""value"":""RuntimeException"",""qty"":7},{""value"":""Illuminate\\Database\\QueryException"",""qty"":1},{""value"":""TypeError"",""qty"":1}]"
error_logs,exception_message,text,YES,NULL,,,6403,6747,3273,7,3,[]
error_logs,file,varchar,YES,NULL,,,6403,6747,3273,6,120,[]
error_logs,line,int,YES,NULL,,,6403,6747,3273,6,110,[]
error_logs,stack_trace,text,YES,NULL,,,6403,6747,3273,10,2,[]
error_logs,user_id,bigint,YES,NULL,MUL,,6403,6747,17,1,,"[{""value"":1,""qty"":17}]"
error_logs,url,varchar,YES,NULL,,,6403,6747,6747,4,78,"[{""value"":""/login/entrar"",""qty"":6720},{""value"":""/premium/checkout"",""qty"":16},{""value"":""/api/webhook/asaas"",""qty"":10},{""value"":""/api/perfil/avatar"",""qty"":1}]"
error_logs,method,varchar,YES,NULL,,,6403,6747,6747,1,123,"[{""value"":""POST"",""qty"":6747}]"
error_logs,ip,varchar,YES,NULL,,,6403,6747,6747,19,135,[]
error_logs,user_agent,varchar,YES,NULL,,,6403,6747,6747,17,5,[]
error_logs,resolved_at,timestamp,YES,NULL,MUL,,6403,6747,15,13,17,[]
error_logs,resolved_by,bigint,YES,NULL,,,6403,6747,15,1,3,"[{""value"":1,""qty"":15}]"
error_logs,created_at,timestamp,YES,NULL,,,6403,6747,6747,238,,[]
error_logs,updated_at,timestamp,YES,NULL,,,6403,6747,6747,245,,[]
eventos_assinatura,id,bigint,NO,,PRI,auto_increment,0,0,0,0,,[]
eventos_assinatura,assinatura_id,bigint,NO,,MUL,,0,0,0,0,11,[]
eventos_assinatura,provider,varchar,NO,,,,0,0,0,0,86,[]
eventos_assinatura,tipo_evento,varchar,NO,,,,0,0,0,0,6,[]
eventos_assinatura,payload,longtext,NO,,,,0,0,0,0,643,[]
eventos_assinatura,created_at,datetime,YES,current_timestamp(),,,0,0,0,0,,[]
faturas,id,bigint,NO,,PRI,auto_increment,56,56,56,56,,[]
faturas,user_id,int,NO,,MUL,,56,56,56,7,,[]
faturas,cartao_credito_id,bigint,NO,,MUL,,56,56,56,9,228,[]
faturas,descricao,varchar,NO,,,,56,56,56,13,326,[]
faturas,valor_total,decimal,NO,,,,56,56,56,37,48,[]
faturas,numero_parcelas,int,NO,,,,56,56,56,4,39,"[{""value"":0,""qty"":46},{""value"":1,""qty"":8},{""value"":16,""qty"":1},{""value"":2,""qty"":1}]"
faturas,data_compra,date,NO,,,,56,56,56,11,40,[]
faturas,status,enum,NO,'pendente',MUL,,56,56,56,2,,"[{""value"":""pendente"",""qty"":44},{""value"":""paga"",""qty"":12}]"
faturas,created_at,timestamp,YES,NULL,,,56,56,56,18,,[]
faturas,updated_at,timestamp,YES,NULL,,,56,56,56,29,,[]
faturas_cartao_itens,id,bigint,NO,,PRI,auto_increment,283,283,283,283,,[]
faturas_cartao_itens,user_id,int,NO,,MUL,,283,283,283,7,,[]
faturas_cartao_itens,cartao_credito_id,bigint,NO,,MUL,,283,283,283,9,228,[]
faturas_cartao_itens,fatura_id,bigint,YES,NULL,MUL,,283,283,282,56,59,[]
faturas_cartao_itens,descricao,varchar,NO,,,,283,283,283,227,326,[]
faturas_cartao_itens,valor,decimal,NO,,,,283,283,283,156,722,[]
faturas_cartao_itens,tipo,varchar,NO,'despesa',,,283,283,283,1,687,"[{""value"":""despesa"",""qty"":283}]"
faturas_cartao_itens,data_compra,date,NO,,,,283,283,283,71,40,[]
faturas_cartao_itens,data_vencimento,date,NO,,MUL,,283,283,283,46,52,[]
faturas_cartao_itens,mes_referencia,int,YES,NULL,,,283,283,283,12,57,[]
faturas_cartao_itens,ano_referencia,int,YES,NULL,,,283,283,283,2,57,"[{""value"":2026,""qty"":266},{""value"":2025,""qty"":17}]"
faturas_cartao_itens,categoria_id,int,YES,NULL,MUL,,283,283,267,47,202,[]
faturas_cartao_itens,eh_parcelado,tinyint,NO,0,,,283,283,283,2,37,"[{""value"":0,""qty"":274},{""value"":1,""qty"":9}]"
faturas_cartao_itens,parcela_atual,int,YES,NULL,,,283,283,270,12,34,[]
faturas_cartao_itens,total_parcelas,int,YES,NULL,,,283,283,270,10,59,[]
faturas_cartao_itens,item_pai_id,bigint,YES,NULL,,,283,283,94,26,20,[]
faturas_cartao_itens,pago,tinyint,NO,0,,,283,283,283,2,419,"[{""value"":1,""qty"":166},{""value"":0,""qty"":117}]"
faturas_cartao_itens,recorrente,tinyint,NO,0,MUL,,283,283,283,2,63,"[{""value"":0,""qty"":282},{""value"":1,""qty"":1}]"
faturas_cartao_itens,recorrencia_freq,varchar,YES,NULL,,,283,283,1,1,33,"[{""value"":""mensal"",""qty"":1}]"
faturas_cartao_itens,recorrencia_fim,date,YES,NULL,,,283,283,0,0,34,[]
faturas_cartao_itens,recorrencia_pai_id,bigint,YES,NULL,MUL,,283,283,0,0,60,[]
faturas_cartao_itens,cancelado_em,datetime,YES,NULL,,,283,283,0,0,70,[]
faturas_cartao_itens,data_pagamento,date,YES,NULL,,,283,283,166,7,52,[]
faturas_cartao_itens,lancamento_id,bigint,YES,NULL,,,283,283,138,138,40,[]
faturas_cartao_itens,created_at,timestamp,YES,NULL,,,283,283,283,191,,[]
faturas_cartao_itens,updated_at,timestamp,YES,NULL,,,283,283,283,57,,[]
feedbacks,id,bigint,NO,,PRI,auto_increment,3,3,3,3,,"[{""value"":3,""qty"":1},{""value"":1,""qty"":1},{""value"":2,""qty"":1}]"
feedbacks,user_id,bigint,NO,,MUL,,3,3,3,3,,"[{""value"":41,""qty"":1},{""value"":1,""qty"":1},{""value"":40,""qty"":1}]"
feedbacks,tipo_feedback,enum,NO,,MUL,,3,3,3,1,19,"[{""value"":""nps"",""qty"":3}]"
feedbacks,contexto,varchar,YES,NULL,,,3,3,0,0,60,[]
feedbacks,rating,tinyint,YES,NULL,,,3,3,3,1,18,"[{""value"":10,""qty"":3}]"
feedbacks,comentario,text,YES,NULL,,,3,3,1,1,5,"[{""value"":""top demais"",""qty"":1}]"
feedbacks,pagina,varchar,YES,NULL,,,3,3,3,1,11,"[{""value"":""https://lukrato.com.br/dashboard"",""qty"":3}]"
feedbacks,created_at,timestamp,NO,current_timestamp(),,,3,3,3,3,,"[{""value"":""2026-03-14 17:32:44"",""qty"":1},{""value"":""2026-03-16 07:37:44"",""qty"":1},{""value"":""2026-03-16 10:51:35"",""qty"":1}]"
indicacoes,id,bigint,NO,,PRI,auto_increment,4,4,4,4,,"[{""value"":3,""qty"":1},{""value"":4,""qty"":1},{""value"":1,""qty"":1},{""value"":2,""qty"":1}]"
indicacoes,referrer_id,bigint,NO,,,,4,4,4,2,27,"[{""value"":1,""qty"":2},{""value"":26,""qty"":2}]"
indicacoes,referred_id,bigint,NO,,,,4,4,4,4,11,"[{""value"":123,""qty"":1},{""value"":129,""qty"":1},{""value"":113,""qty"":1},{""value"":115,""qty"":1}]"
indicacoes,status,enum,NO,'pending',,,4,4,4,1,,"[{""value"":""completed"",""qty"":4}]"
indicacoes,blocked_reason,varchar,YES,NULL,,,4,4,0,0,1,[]
indicacoes,ip_address,varchar,YES,NULL,,,4,4,4,4,9,"[{""value"":""170.150.188.115"",""qty"":1},{""value"":""170.0.66.56"",""qty"":1},{""value"":""170.150.188.110"",""qty"":1},{""value"":""170.150.188.111"",""qty"":1}]"
indicacoes,referrer_reward_days,int,NO,15,,,4,4,4,1,9,"[{""value"":15,""qty"":4}]"
indicacoes,referred_reward_days,int,NO,7,,,4,4,4,1,6,"[{""value"":7,""qty"":4}]"
indicacoes,referrer_rewarded,tinyint,NO,0,,,4,4,4,1,9,"[{""value"":1,""qty"":4}]"
indicacoes,referred_rewarded,tinyint,NO,0,,,4,4,4,1,7,"[{""value"":1,""qty"":4}]"
indicacoes,referrer_rewarded_at,timestamp,YES,NULL,,,4,4,4,4,5,"[{""value"":""2026-02-19 20:40:27"",""qty"":1},{""value"":""2026-02-11 20:24:51"",""qty"":1},{""value"":""2026-02-11 21:32:37"",""qty"":1},{""value"":""2026-02-17 18:57:15"",""qty"":1}]"
indicacoes,referred_rewarded_at,timestamp,YES,NULL,,,4,4,4,4,5,"[{""value"":""2026-02-19 20:40:24"",""qty"":1},{""value"":""2026-02-11 20:24:48"",""qty"":1},{""value"":""2026-02-11 21:32:34"",""qty"":1},{""value"":""2026-02-17 18:57:09"",""qty"":1}]"
indicacoes,completed_at,timestamp,YES,NULL,,,4,4,4,4,4,"[{""value"":""2026-02-19 20:40:31"",""qty"":1},{""value"":""2026-02-11 20:24:55"",""qty"":1},{""value"":""2026-02-11 21:32:41"",""qty"":1},{""value"":""2026-02-17 18:57:19"",""qty"":1}]"
indicacoes,created_at,timestamp,YES,NULL,,,4,4,4,4,,"[{""value"":""2026-02-19 20:39:07"",""qty"":1},{""value"":""2026-02-11 20:23:11"",""qty"":1},{""value"":""2026-02-11 21:30:42"",""qty"":1},{""value"":""2026-02-17 18:56:40"",""qty"":1}]"
indicacoes,updated_at,timestamp,YES,NULL,,,4,4,4,4,,"[{""value"":""2026-02-19 20:40:31"",""qty"":1},{""value"":""2026-02-11 20:24:55"",""qty"":1},{""value"":""2026-02-11 21:32:41"",""qty"":1},{""value"":""2026-02-17 18:57:19"",""qty"":1}]"
instituicoes_financeiras,id,bigint,NO,,PRI,auto_increment,40,40,40,40,,[]
instituicoes_financeiras,nome,varchar,NO,,,,40,40,40,40,743,[]
instituicoes_financeiras,codigo,varchar,NO,,UNI,,40,40,40,40,115,[]
instituicoes_financeiras,tipo,varchar,NO,,MUL,,40,40,40,6,687,[]
instituicoes_financeiras,cor_primaria,varchar,YES,NULL,,,40,40,40,38,52,[]
instituicoes_financeiras,cor_secundaria,varchar,YES,NULL,,,40,40,40,10,47,[]
instituicoes_financeiras,logo_path,varchar,YES,NULL,,,40,40,40,39,13,[]
instituicoes_financeiras,ativo,tinyint,NO,1,MUL,,40,40,40,1,129,"[{""value"":1,""qty"":40}]"
instituicoes_financeiras,created_at,timestamp,YES,NULL,,,40,40,40,5,,"[{""value"":""2025-12-24 09:03:23"",""qty"":25},{""value"":""2026-01-20 12:24:46"",""qty"":11},{""value"":""2025-12-24 13:49:26"",""qty"":2},{""value"":""2026-02-04 20:04:04"",""qty"":1},{""value"":""2026-02-07 16:45:39"",""qty"":1}]"
instituicoes_financeiras,updated_at,timestamp,YES,NULL,,,40,40,40,2,,"[{""value"":""2026-02-07 16:45:39"",""qty"":39},{""value"":""2026-02-04 20:04:04"",""qty"":1}]"
lancamentos,id,int,NO,,PRI,auto_increment,1080,1081,1081,1081,,[]
lancamentos,parcelamento_id,bigint,YES,NULL,MUL,,1080,1081,0,0,29,[]
lancamentos,numero_parcela,int,YES,NULL,,,1080,1081,0,0,14,[]
lancamentos,user_id,int,NO,,MUL,,1080,1081,1081,26,,[]
lancamentos,tipo,enum,NO,,MUL,,1080,1081,1081,3,687,"[{""value"":""despesa"",""qty"":697},{""value"":""receita"",""qty"":331},{""value"":""transferencia"",""qty"":53}]"
lancamentos,data,date,NO,,MUL,,1080,1081,1081,179,3008,[]
lancamentos,hora_lancamento,varchar,YES,NULL,,,1080,1081,90,79,13,[]
lancamentos,data_competencia,date,YES,NULL,MUL,,1080,1081,654,111,60,[]
lancamentos,afeta_competencia,tinyint,NO,1,MUL,,1080,1081,1081,1,21,"[{""value"":1,""qty"":1081}]"
lancamentos,afeta_caixa,tinyint,NO,0,MUL,,1080,1081,1081,2,198,"[{""value"":1,""qty"":922},{""value"":0,""qty"":159}]"
lancamentos,origem_tipo,varchar,YES,NULL,MUL,,1080,1081,167,3,110,"[{""value"":""cartao_credito"",""qty"":154},{""value"":""pagamento_fatura"",""qty"":10},{""value"":""recorrencia"",""qty"":3}]"
lancamentos,recorrente,tinyint,NO,0,MUL,,1080,1081,1081,2,63,"[{""value"":0,""qty"":1078},{""value"":1,""qty"":3}]"
lancamentos,recorrencia_freq,varchar,YES,NULL,,,1080,1081,3,1,33,"[{""value"":""mensal"",""qty"":3}]"
lancamentos,recorrencia_fim,date,YES,NULL,,,1080,1081,0,0,34,[]
lancamentos,recorrencia_total,int,YES,NULL,,,1080,1081,0,0,16,[]
lancamentos,recorrencia_pai_id,int,YES,NULL,,,1080,1081,3,3,60,"[{""value"":1513,""qty"":1},{""value"":1551,""qty"":1},{""value"":1613,""qty"":1}]"
lancamentos,cancelado_em,datetime,YES,NULL,,,1080,1081,0,0,70,[]
lancamentos,lembrar_antes_segundos,int,YES,NULL,,,1080,1081,4,2,21,"[{""value"":86400,""qty"":3},{""value"":172800,""qty"":1}]"
lancamentos,canal_email,tinyint,NO,0,,,1080,1081,1081,2,18,"[{""value"":0,""qty"":1077},{""value"":1,""qty"":4}]"
lancamentos,canal_inapp,tinyint,NO,0,,,1080,1081,1081,2,18,"[{""value"":0,""qty"":1077},{""value"":1,""qty"":4}]"
lancamentos,notificado_em,datetime,YES,NULL,,,1080,1081,0,0,6,[]
lancamentos,lembrete_antecedencia_em,datetime,YES,NULL,,,1080,1081,0,0,6,[]
lancamentos,categoria_id,int,YES,NULL,MUL,,1080,1081,961,144,202,[]
lancamentos,subcategoria_id,int,YES,NULL,MUL,,1080,1081,56,31,65,[]
lancamentos,conta_id,int,YES,NULL,MUL,,1080,1081,904,49,218,[]
lancamentos,conta_id_destino,int,YES,NULL,MUL,,1080,1081,53,15,52,[]
lancamentos,cartao_credito_id,bigint,YES,NULL,MUL,,1080,1081,164,7,228,[]
lancamentos,forma_pagamento,varchar,YES,NULL,,,1080,1081,471,8,104,[]
lancamentos,descricao,varchar,YES,NULL,,,1080,1081,1060,666,326,[]
lancamentos,observacao,text,YES,NULL,,,1080,1081,704,90,41,[]
lancamentos,valor,decimal,NO,0.00,,,1080,1081,1081,465,722,[]
lancamentos,eh_transferencia,tinyint,NO,0,MUL,,1080,1081,1081,2,137,"[{""value"":0,""qty"":1028},{""value"":1,""qty"":53}]"
lancamentos,eh_saldo_inicial,tinyint,NO,0,MUL,,1080,1081,1081,1,17,"[{""value"":0,""qty"":1081}]"
lancamentos,eh_parcelado,tinyint,NO,0,MUL,,1080,1081,1081,1,37,"[{""value"":0,""qty"":1081}]"
lancamentos,parcela_atual,tinyint,YES,NULL,,,1080,1081,0,0,34,[]
lancamentos,total_parcelas,tinyint,YES,NULL,,,1080,1081,0,0,59,[]
lancamentos,pago,tinyint,NO,0,MUL,,1080,1081,1081,2,419,"[{""value"":1,""qty"":922},{""value"":0,""qty"":159}]"
lancamentos,data_pagamento,date,YES,NULL,MUL,,1080,1081,211,45,52,[]
lancamentos,created_at,timestamp,YES,NULL,,,1080,1081,1081,931,,[]
lancamentos,updated_at,timestamp,YES,NULL,,,1080,1081,1081,482,,[]
lancamentos,deleted_at,timestamp,YES,NULL,MUL,,1080,1081,13,13,,[]
log_webhooks_cobranca,id,int,NO,,PRI,auto_increment,20,20,20,20,,[]
log_webhooks_cobranca,provedor,varchar,NO,,,,20,20,20,1,11,"[{""value"":""asaas"",""qty"":20}]"
log_webhooks_cobranca,tipo_evento,varchar,NO,,,,20,20,20,5,6,"[{""value"":""PAYMENT_CREATED"",""qty"":8},{""value"":""PAYMENT_DELETED"",""qty"":5},{""value"":""SUBSCRIPTION_CREATED"",""qty"":4},{""value"":""PAYMENT_CONFIRMED"",""qty"":2},{""value"":""SUBSCRIPTION_DELETED"",""qty"":1}]"
log_webhooks_cobranca,payload,longtext,NO,,,,20,20,20,20,643,[]
log_webhooks_cobranca,created_at,datetime,NO,current_timestamp(),,,20,20,20,20,,[]
log_webhooks_cobranca,updated_at,datetime,YES,NULL,,,20,20,20,20,,[]
message_campaigns,id,bigint,NO,,PRI,auto_increment,10,10,10,10,,[]
message_campaigns,title,varchar,NO,,,,10,10,10,4,304,"[{""value"":""⏳ Seu acesso PRO com 50% OFF expira em 24h"",""qty"":7},{""value"":""Seu financeiro merece um upgrade 🎉"",""qty"":1},{""value"":""50% off está acabando"",""qty"":1},{""value"":""🚀 O Lukrato evoluiu: Conheça as novas funções!"",""qty"":1}]"
message_campaigns,message,text,NO,,,,10,10,10,5,1006,"[{""value"":""🎉 Liberamos uma condição especial para você.\n\nNo primeiro mês:\nDe R$ 14,90 po..."",""qty"":6},{""value"":""Olá!\n\nO Carnaval chegou… e o Lukrato decidiu entrar no ritmo 💃🕺\n\nSe você está..."",""qty"":1},{""value"":""🎉 Liberamos uma condição especial para você.\n\nNo primeiro mês:\nDe R$ 14,90 po..."",""qty"":1},{""value"":""Sua promoção de 50% off está acabando, não perca a oportunidade e venha cuida..."",""qty"":1},{""value"":""Olá!! Temos novidades fresquinhas saindo do forno para você! Agora, o Lukrato..."",""qty"":1}]"
message_campaigns,link,varchar,YES,NULL,,,10,10,10,2,270,"[{""value"":""https://lukrato.com.br/billing"",""qty"":8},{""value"":""https://lukrato.com.br/login"",""qty"":2}]"
message_campaigns,link_text,varchar,YES,NULL,,,10,10,10,4,8,"[{""value"":""🔓 Ativar PRO com 50% OFF"",""qty"":6},{""value"":""👉 Tornar-se Premium"",""qty"":2},{""value"":""Começar agora"",""qty"":1},{""value"":""Acessar Novidades"",""qty"":1}]"
message_campaigns,type,enum,NO,'info',,,10,10,10,2,,"[{""value"":""promo"",""qty"":9},{""value"":""update"",""qty"":1}]"
message_campaigns,filters,longtext,YES,NULL,,,10,10,10,2,181,"[{""value"":""{\"plan\":\"free\",\"status\":\"all\",\"days_inactive\":null,\"email_verified\":null}"",""qty"":9},{""value"":""{\"plan\":\"all\",\"status\":\"all\",\"days_inactive\":null,\"email_verified\":null}"",""qty"":1}]"
message_campaigns,send_notification,tinyint,NO,1,,,10,10,10,2,11,"[{""value"":1,""qty"":8},{""value"":0,""qty"":2}]"
message_campaigns,send_email,tinyint,NO,0,,,10,10,10,1,13,"[{""value"":1,""qty"":10}]"
message_campaigns,total_recipients,int,NO,0,,,10,10,10,5,12,"[{""value"":41,""qty"":6},{""value"":0,""qty"":1},{""value"":58,""qty"":1},{""value"":7,""qty"":1},{""value"":52,""qty"":1}]"
message_campaigns,emails_sent,int,NO,0,,,10,10,10,4,21,"[{""value"":0,""qty"":7},{""value"":52,""qty"":1},{""value"":7,""qty"":1},{""value"":41,""qty"":1}]"
message_campaigns,emails_failed,int,NO,0,,,10,10,10,1,14,"[{""value"":0,""qty"":10}]"
message_campaigns,notifications_read,int,NO,0,,,10,10,10,1,10,"[{""value"":0,""qty"":10}]"
message_campaigns,created_by,int,NO,,MUL,,10,10,10,2,6,"[{""value"":1,""qty"":8},{""value"":26,""qty"":2}]"
message_campaigns,cupom_id,int,YES,NULL,MUL,,10,10,1,1,19,"[{""value"":7,""qty"":1}]"
message_campaigns,status,enum,NO,'draft',MUL,,10,10,10,3,,"[{""value"":""failed"",""qty"":6},{""value"":""sent"",""qty"":3},{""value"":""scheduled"",""qty"":1}]"
message_campaigns,sent_at,timestamp,YES,NULL,,,10,10,3,3,9,"[{""value"":""2026-02-15 16:48:44"",""qty"":1},{""value"":""2026-02-19 20:03:24"",""qty"":1},{""value"":""2026-03-10 22:19:42"",""qty"":1}]"
message_campaigns,scheduled_at,timestamp,YES,NULL,,,10,10,1,1,17,"[{""value"":""2026-03-11 13:00:00"",""qty"":1}]"
message_campaigns,created_at,timestamp,YES,NULL,MUL,,10,10,10,10,,[]
message_campaigns,updated_at,timestamp,YES,NULL,,,10,10,10,10,,[]
metas,id,int,NO,,PRI,auto_increment,5,5,5,5,,"[{""value"":6,""qty"":1},{""value"":7,""qty"":1},{""value"":1,""qty"":1},{""value"":3,""qty"":1},{""value"":4,""qty"":1}]"
metas,user_id,int,NO,,MUL,,5,5,5,4,,"[{""value"":1,""qty"":2},{""value"":132,""qty"":1},{""value"":48,""qty"":1},{""value"":113,""qty"":1}]"
metas,titulo,varchar,NO,,,,5,5,5,5,176,"[{""value"":""Viagem de Férias"",""qty"":1},{""value"":""gdfg"",""qty"":1},{""value"":""Reserva de Emergência"",""qty"":1},{""value"":""Viagem final do ano"",""qty"":1},{""value"":""Comprar um carro"",""qty"":1}]"
metas,descricao,text,YES,NULL,,,5,5,0,0,326,[]
metas,tipo,varchar,NO,'economia',,,5,5,5,4,687,"[{""value"":""viagem"",""qty"":2},{""value"":""economia"",""qty"":1},{""value"":""emergencia"",""qty"":1},{""value"":""veiculo"",""qty"":1}]"
metas,valor_alvo,decimal,NO,,,,5,5,5,5,40,"[{""value"":""15000.00"",""qty"":1},{""value"":""3000.00"",""qty"":1},{""value"":""10000.00"",""qty"":1},{""value"":""50000.00"",""qty"":1},{""value"":""1500.00"",""qty"":1}]"
metas,valor_atual,decimal,NO,0.00,,,5,5,5,5,28,"[{""value"":""5000.00"",""qty"":1},{""value"":""300.00"",""qty"":1},{""value"":""3366.43"",""qty"":1},{""value"":""3200.00"",""qty"":1},{""value"":""0.00"",""qty"":1}]"
metas,data_inicio,date,NO,,,,5,5,5,4,6,"[{""value"":""2026-02-19"",""qty"":2},{""value"":""2026-03-03"",""qty"":1},{""value"":""2026-02-21"",""qty"":1},{""value"":""2026-03-02"",""qty"":1}]"
metas,data_prazo,date,YES,NULL,,,5,5,3,3,10,"[{""value"":""2026-11-30"",""qty"":1},{""value"":""2026-12-15"",""qty"":1},{""value"":""2026-12-31"",""qty"":1}]"
metas,icone,varchar,NO,'fa-bullseye',,,5,5,5,1,193,"[{""value"":""fa-bullseye"",""qty"":5}]"
metas,cor,varchar,NO,'#6366f1',,,5,5,5,5,58,"[{""value"":""#14b8a6"",""qty"":1},{""value"":""#6366f1"",""qty"":1},{""value"":""#ec4899"",""qty"":1},{""value"":""#10b981"",""qty"":1},{""value"":""#f59e0b"",""qty"":1}]"
metas,conta_id,int,YES,NULL,MUL,,5,5,4,4,218,"[{""value"":131,""qty"":1},{""value"":23,""qty"":1},{""value"":111,""qty"":1},{""value"":123,""qty"":1}]"
metas,prioridade,varchar,NO,'media',,,5,5,5,2,23,"[{""value"":""alta"",""qty"":3},{""value"":""media"",""qty"":2}]"
metas,status,varchar,NO,'ativa',,,5,5,5,1,,"[{""value"":""ativa"",""qty"":5}]"
metas,created_at,timestamp,YES,NULL,,,5,5,5,5,,"[{""value"":""2026-03-02 20:35:24"",""qty"":1},{""value"":""2026-03-03 13:15:18"",""qty"":1},{""value"":""2026-02-19 14:07:59"",""qty"":1},{""value"":""2026-02-19 20:07:03"",""qty"":1},{""value"":""2026-02-21 19:31:46"",""qty"":1}]"
metas,updated_at,timestamp,YES,NULL,,,5,5,5,5,,"[{""value"":""2026-03-02 20:35:42"",""qty"":1},{""value"":""2026-03-05 11:50:45"",""qty"":1},{""value"":""2026-03-19 18:34:23"",""qty"":1},{""value"":""2026-02-19 20:07:03"",""qty"":1},{""value"":""2026-02-22 16:35:40"",""qty"":1}]"
migrations,id,bigint,NO,,PRI,auto_increment,97,102,102,102,,[]
migrations,migration,varchar,NO,,,,97,102,102,101,113,[]
migrations,batch,int,NO,,,,97,102,102,49,38,[]
notificacoes,id,bigint,NO,,PRI,auto_increment,93,93,93,93,,[]
notificacoes,user_id,int,NO,,MUL,,93,93,93,16,,[]
notificacoes,tipo,varchar,NO,,,,93,93,93,5,687,"[{""value"":""agendamento"",""qty"":53},{""value"":""subscription_expired"",""qty"":17},{""value"":""subscription_blocked"",""qty"":15},{""value"":""referral_referrer"",""qty"":4},{""value"":""referral_referred"",""qty"":4}]"
notificacoes,titulo,varchar,NO,,,,93,93,93,6,176,[]
notificacoes,mensagem,text,NO,,,,93,93,93,54,143,[]
notificacoes,lida,tinyint,NO,0,,,93,93,93,2,33,"[{""value"":1,""qty"":63},{""value"":0,""qty"":30}]"
notificacoes,link,varchar,YES,NULL,,,93,93,85,19,270,[]
notificacoes,created_at,datetime,YES,current_timestamp(),MUL,,93,93,93,93,,[]
notificacoes,updated_at,datetime,YES,NULL,,,93,93,93,66,,[]
notifications,id,bigint,NO,,PRI,auto_increment,91,91,91,91,,[]
notifications,user_id,int,NO,,MUL,,91,91,91,53,,[]
notifications,title,varchar,NO,,,,91,91,91,1,304,"[{""value"":""⏳ Seu acesso PRO com 50% OFF expira em 24h"",""qty"":91}]"
notifications,message,mediumtext,NO,,,,91,91,91,2,1006,"[{""value"":""🎉 Liberamos uma condição especial para você.\n\nNo primeiro mês:\nDe R$ 14,90 po..."",""qty"":51},{""value"":""🎉 Liberamos uma condição especial para você.\n\nNo primeiro mês:\nDe R$ 14,90 po..."",""qty"":40}]"
notifications,link,varchar,YES,NULL,,,91,91,91,1,270,"[{""value"":""https://lukrato.com.br/billing"",""qty"":91}]"
notifications,campaign_id,bigint,YES,NULL,MUL,,91,91,91,2,30,"[{""value"":8,""qty"":51},{""value"":7,""qty"":40}]"
notifications,type,enum,YES,'info',,,91,91,91,1,,"[{""value"":""promo"",""qty"":91}]"
notifications,is_read,tinyint,YES,0,,,91,91,91,1,24,"[{""value"":0,""qty"":91}]"
notifications,read_at,timestamp,YES,NULL,,,91,91,0,0,8,[]
notifications,created_at,timestamp,YES,current_timestamp(),MUL,,91,91,91,91,,[]
notifications,updated_at,timestamp,YES,current_timestamp(),,"on update current_timestamp()",91,91,91,91,,[]
orcamentos_categoria,id,int,NO,,PRI,auto_increment,3,3,3,3,,"[{""value"":1,""qty"":1},{""value"":3,""qty"":1},{""value"":4,""qty"":1}]"
orcamentos_categoria,user_id,int,NO,,MUL,,3,3,3,2,,"[{""value"":1,""qty"":2},{""value"":132,""qty"":1}]"
orcamentos_categoria,categoria_id,int,NO,,MUL,,3,3,3,3,202,"[{""value"":22,""qty"":1},{""value"":55,""qty"":1},{""value"":1892,""qty"":1}]"
orcamentos_categoria,valor_limite,decimal,NO,,,,3,3,3,3,41,"[{""value"":""200.00"",""qty"":1},{""value"":""130.00"",""qty"":1},{""value"":""250.00"",""qty"":1}]"
orcamentos_categoria,mes,tinyint,NO,,,,3,3,3,2,265,"[{""value"":3,""qty"":2},{""value"":2,""qty"":1}]"
orcamentos_categoria,ano,smallint,NO,,,,3,3,3,1,285,"[{""value"":2026,""qty"":3}]"
orcamentos_categoria,rollover,tinyint,NO,0,,,3,3,3,1,12,"[{""value"":0,""qty"":3}]"
orcamentos_categoria,alerta_80,tinyint,NO,1,,,3,3,3,1,8,"[{""value"":1,""qty"":3}]"
orcamentos_categoria,alerta_100,tinyint,NO,1,,,3,3,3,1,8,"[{""value"":1,""qty"":3}]"
orcamentos_categoria,notificado_80,tinyint,NO,0,,,3,3,3,1,3,"[{""value"":0,""qty"":3}]"
orcamentos_categoria,notificado_100,tinyint,NO,0,,,3,3,3,1,3,"[{""value"":0,""qty"":3}]"
orcamentos_categoria,created_at,timestamp,YES,NULL,,,3,3,3,3,,"[{""value"":""2026-02-19 14:08:20"",""qty"":1},{""value"":""2026-03-01 21:20:16"",""qty"":1},{""value"":""2026-03-05 11:51:11"",""qty"":1}]"
orcamentos_categoria,updated_at,timestamp,YES,NULL,,,3,3,3,3,,"[{""value"":""2026-02-19 14:08:20"",""qty"":1},{""value"":""2026-03-01 21:20:16"",""qty"":1},{""value"":""2026-03-05 11:51:11"",""qty"":1}]"
parcelamentos,id,bigint,NO,,PRI,auto_increment,0,0,0,0,,[]
parcelamentos,user_id,int,NO,,MUL,,0,0,0,0,,[]
parcelamentos,descricao,varchar,NO,,,,0,0,0,0,326,[]
parcelamentos,valor_total,decimal,NO,,,,0,0,0,0,48,[]
parcelamentos,numero_parcelas,int,NO,,,,0,0,0,0,39,[]
parcelamentos,parcelas_pagas,int,NO,0,,,0,0,0,0,12,[]
parcelamentos,categoria_id,int,NO,,MUL,,0,0,0,0,202,[]
parcelamentos,conta_id,int,YES,NULL,MUL,,0,0,0,0,218,[]
parcelamentos,cartao_credito_id,bigint,YES,NULL,MUL,,0,0,0,0,228,[]
parcelamentos,tipo,enum,NO,,,,0,0,0,0,687,[]
parcelamentos,status,enum,NO,'ativo',,,0,0,0,0,,[]
parcelamentos,data_criacao,date,NO,,,,0,0,0,0,12,[]
parcelamentos,created_at,timestamp,YES,NULL,,,0,0,0,0,,[]
parcelamentos,updated_at,timestamp,YES,NULL,,,0,0,0,0,,[]
password_resets,id,int,NO,,PRI,auto_increment,7,7,7,7,,[]
password_resets,email,varchar,NO,,MUL,,7,7,7,7,,[]
password_resets,selector,varchar,YES,NULL,UNI,,7,7,0,0,,[]
password_resets,token_hash,char,YES,NULL,MUL,,7,7,7,7,,[]
password_resets,token,varchar,YES,NULL,,,7,7,0,0,,[]
password_resets,created_at,datetime,NO,,,,7,7,7,7,,[]
password_resets,expires_at,datetime,NO,,,,7,7,7,7,25,[]
password_resets,used_at,datetime,YES,NULL,,,7,7,2,2,7,"[{""value"":""2025-12-04 21:12:10"",""qty"":1},{""value"":""2025-12-06 23:02:11"",""qty"":1}]"
pending_ai_actions,id,bigint,NO,,PRI,auto_increment,104,104,104,104,,[]
pending_ai_actions,user_id,int,NO,,MUL,,104,104,104,7,,[]
pending_ai_actions,conversation_id,bigint,YES,NULL,,,104,104,39,7,24,[]
pending_ai_actions,action_type,enum,NO,,,,104,104,104,5,13,"[{""value"":""create_lancamento"",""qty"":99},{""value"":""create_categoria"",""qty"":2},{""value"":""create_conta"",""qty"":1},{""value"":""pay_fatura"",""qty"":1},{""value"":""create_meta"",""qty"":1}]"
pending_ai_actions,payload,longtext,NO,,,,104,104,104,96,643,[]
pending_ai_actions,status,enum,NO,'awaiting_confirm',,,104,104,104,3,,"[{""value"":""rejected"",""qty"":53},{""value"":""confirmed"",""qty"":42},{""value"":""awaiting_confirm"",""qty"":9}]"
pending_ai_actions,expires_at,timestamp,YES,NULL,MUL,,104,104,104,104,25,[]
pending_ai_actions,created_at,timestamp,YES,NULL,,,104,104,104,104,,[]
pending_ai_actions,updated_at,timestamp,YES,NULL,,,104,104,104,104,,[]
pending_ai_actions,deleted_at,timestamp,YES,NULL,,,104,104,0,0,,[]
planos,id,int,NO,,PRI,auto_increment,3,3,3,3,,"[{""value"":1,""qty"":1},{""value"":2,""qty"":1},{""value"":3,""qty"":1}]"
planos,code,varchar,NO,,UNI,,3,3,3,3,,"[{""value"":""free"",""qty"":1},{""value"":""ultra"",""qty"":1},{""value"":""pro"",""qty"":1}]"
planos,nome,varchar,NO,,,,3,3,3,3,743,"[{""value"":""Gratuito"",""qty"":1},{""value"":""Pro"",""qty"":1},{""value"":""Ultra"",""qty"":1}]"
planos,preco_centavos,int,NO,0,,,3,3,3,3,20,"[{""value"":0,""qty"":1},{""value"":1490,""qty"":1},{""value"":3990,""qty"":1}]"
planos,intervalo,enum,NO,'month',,,3,3,3,1,9,"[{""value"":""month"",""qty"":3}]"
planos,ativo,tinyint,NO,1,,,3,3,3,1,129,"[{""value"":1,""qty"":3}]"
planos,metadados,longtext,YES,NULL,,,3,3,3,3,21,"[{""value"":""{\"icon\":\"wallet\",\"descricao\":\"Ideal para come\\u00e7ar a organizar suas finan\\..."",""qty"":1},{""value"":""{\"icon\":\"star\",\"descricao\":\"Controle financeiro completo sem limites\",\"destaq..."",""qty"":1},{""value"":""{\"icon\":\"zap\",\"descricao\":\"Tudo do Pro + intelig\\u00eancia artificial finance..."",""qty"":1}]"
planos,created_at,datetime,YES,current_timestamp(),,,3,3,3,2,,"[{""value"":""2025-10-19 23:37:39"",""qty"":2},{""value"":""2026-03-09 22:56:41"",""qty"":1}]"
planos,updated_at,datetime,YES,current_timestamp(),,"on update current_timestamp()",3,3,3,1,,"[{""value"":""2026-03-09 22:57:03"",""qty"":3}]"
points_log,id,bigint,NO,,PRI,auto_increment,1037,1038,1038,1038,,[]
points_log,user_id,int,NO,,MUL,,1037,1038,1038,18,,[]
points_log,action,varchar,NO,,MUL,,1037,1038,1038,5,213,"[{""value"":""create_lancamento"",""qty"":753},{""value"":""achievement_unlock"",""qty"":188},{""value"":""level_up"",""qty"":48},{""value"":""create_categoria"",""qty"":42},{""value"":""daily_activity"",""qty"":7}]"
points_log,points,int,NO,,,,1037,1038,1038,22,60,[]
points_log,description,text,YES,NULL,,,1037,1038,1038,52,220,[]
points_log,metadata,longtext,YES,NULL,,,1037,1038,1038,82,46,[]
points_log,related_id,bigint,YES,NULL,,,1037,1038,983,828,6,[]
points_log,related_type,varchar,YES,NULL,MUL,,1037,1038,983,3,5,"[{""value"":""lancamento"",""qty"":753},{""value"":""achievement"",""qty"":188},{""value"":""categoria"",""qty"":42}]"
points_log,created_at,timestamp,YES,NULL,MUL,,1037,1038,1038,845,,[]
points_log,updated_at,timestamp,YES,NULL,,,1037,1038,1038,845,,[]
points_logs,id,bigint,NO,,PRI,auto_increment,0,0,0,0,,[]
points_logs,user_id,int,NO,,MUL,,0,0,0,0,,[]
points_logs,action,varchar,NO,,MUL,,0,0,0,0,213,[]
points_logs,points,int,NO,0,,,0,0,0,0,60,[]
points_logs,description,text,YES,NULL,,,0,0,0,0,220,[]
points_logs,metadata,longtext,YES,NULL,,,0,0,0,0,46,[]
points_logs,related_id,bigint,YES,NULL,MUL,,0,0,0,0,6,[]
points_logs,related_type,varchar,YES,NULL,,,0,0,0,0,5,[]
points_logs,created_at,timestamp,YES,NULL,MUL,,0,0,0,0,,[]
points_logs,updated_at,timestamp,YES,NULL,,,0,0,0,0,,[]
proventos,id,int,NO,,,,0,0,0,0,,[]
proventos,investimento_id,int,NO,,,,0,0,0,0,2,[]
proventos,valor,decimal,NO,,,,0,0,0,0,722,[]
proventos,tipo,enum,NO,,,,0,0,0,0,687,[]
proventos,data_pagamento,date,NO,,,,0,0,0,0,52,[]
proventos,observacoes,text,YES,NULL,,,0,0,0,0,0,[]
proventos,criado_em,datetime,YES,current_timestamp(),,,0,0,0,0,0,[]
referral_antifraud_tracking,id,bigint,NO,,PRI,auto_increment,36,36,36,36,,[]
referral_antifraud_tracking,email_hash,varchar,NO,,MUL,,36,36,36,32,6,[]
referral_antifraud_tracking,email_domain,varchar,YES,NULL,,,36,36,36,6,2,[]
referral_antifraud_tracking,ip_address,varchar,YES,NULL,MUL,,36,36,36,28,9,[]
referral_antifraud_tracking,ip_hash,varchar,YES,NULL,,,36,36,36,28,1,[]
referral_antifraud_tracking,fingerprint_hash,varchar,YES,NULL,MUL,,36,36,0,0,0,[]
referral_antifraud_tracking,original_user_id,int,NO,,,,36,36,36,32,1,[]
referral_antifraud_tracking,event_type,enum,NO,'account_created',,,36,36,36,2,9,"[{""value"":""account_created"",""qty"":32},{""value"":""referral_used"",""qty"":4}]"
referral_antifraud_tracking,referred_by,int,YES,NULL,,,36,36,4,2,3,"[{""value"":1,""qty"":2},{""value"":26,""qty"":2}]"
referral_antifraud_tracking,quarantine_until,timestamp,YES,NULL,MUL,,36,36,0,0,11,[]
referral_antifraud_tracking,metadata,longtext,YES,NULL,,,36,36,36,34,46,[]
referral_antifraud_tracking,created_at,timestamp,YES,NULL,,,36,36,36,32,,[]
referral_antifraud_tracking,updated_at,timestamp,YES,NULL,,,36,36,36,32,,[]
sexos,id_sexo,int,NO,,PRI,auto_increment,3,3,3,3,8,"[{""value"":1,""qty"":1},{""value"":2,""qty"":1},{""value"":3,""qty"":1}]"
sexos,nm_sexo,varchar,NO,,UNI,,3,3,3,3,3,"[{""value"":""Masculino"",""qty"":1},{""value"":""Feminino"",""qty"":1},{""value"":""Outro"",""qty"":1}]"
telefones,id_telefone,int,NO,,PRI,auto_increment,3,3,3,3,4,"[{""value"":1,""qty"":1},{""value"":4,""qty"":1},{""value"":5,""qty"":1}]"
telefones,numero,varchar,NO,,,,3,3,3,3,42,"[{""value"":""999506302"",""qty"":1},{""value"":""997178938"",""qty"":1},{""value"":""999816542"",""qty"":1}]"
telefones,tipo,varchar,YES,NULL,,,3,3,3,1,687,"[{""value"":""celular"",""qty"":3}]"
telefones,id_usuario,int,NO,,MUL,,3,3,3,3,18,"[{""value"":1,""qty"":1},{""value"":26,""qty"":1},{""value"":95,""qty"":1}]"
telefones,id_ddd,int,YES,NULL,MUL,,3,3,3,1,7,"[{""value"":1,""qty"":3}]"
telegram_messages,id,bigint,NO,,PRI,auto_increment,299,299,299,299,,[]
telegram_messages,tg_update_id,varchar,NO,,,,299,299,299,299,3,[]
telegram_messages,tg_message_id,varchar,NO,,,,299,299,299,290,2,[]
telegram_messages,chat_id,varchar,NO,,MUL,,299,299,299,7,14,[]
telegram_messages,user_id,bigint,YES,NULL,MUL,,299,299,283,7,,[]
telegram_messages,direction,enum,NO,'incoming',,,299,299,299,1,11,"[{""value"":""incoming"",""qty"":299}]"
telegram_messages,type,enum,NO,'text',,,299,299,299,5,,"[{""value"":""text"",""qty"":147},{""value"":""callback_query"",""qty"":122},{""value"":""command"",""qty"":15},{""value"":""voice"",""qty"":9},{""value"":""photo"",""qty"":6}]"
telegram_messages,body,text,YES,NULL,,,299,299,299,157,196,[]
telegram_messages,media_file_id,varchar,YES,NULL,,,299,299,15,10,4,[]
telegram_messages,media_mime_type,varchar,YES,NULL,,,299,299,9,1,4,"[{""value"":""audio/ogg"",""qty"":9}]"
telegram_messages,media_file_size,int,YES,NULL,,,299,299,15,10,4,[]
telegram_messages,media_filename,varchar,YES,NULL,,,299,299,0,0,4,[]
telegram_messages,transcription,text,YES,NULL,,,299,299,14,11,6,[]
telegram_messages,metadata,longtext,YES,NULL,,,299,299,299,299,46,[]
telegram_messages,processing_status,enum,NO,'received',,,299,299,299,3,10,"[{""value"":""processed"",""qty"":296},{""value"":""ignored"",""qty"":2},{""value"":""failed"",""qty"":1}]"
telegram_messages,intent,varchar,YES,NULL,,,299,299,296,19,107,[]
telegram_messages,error_message,varchar,YES,NULL,,,299,299,1,1,16,"[{""value"":""media_processing_failed: Falha na API de transcricao: Client error: `POST htt..."",""qty"":1}]"
telegram_messages,created_at,timestamp,YES,NULL,,,299,299,299,299,,[]
telegram_messages,updated_at,timestamp,YES,NULL,,,299,299,299,299,,[]
tipos_documento,id_tipo,int,NO,,PRI,auto_increment,0,1,1,1,8,"[{""value"":1,""qty"":1}]"
tipos_documento,ds_tipo,varchar,NO,,UNI,,0,1,1,1,2,"[{""value"":""CPF"",""qty"":1}]"
transacoes_investimento,id,int,NO,,,,17,17,17,2,,"[{""value"":0,""qty"":16},{""value"":1,""qty"":1}]"
transacoes_investimento,investimento_id,int,NO,,,,17,17,17,1,2,"[{""value"":8,""qty"":17}]"
transacoes_investimento,tipo,enum,NO,,,,17,17,17,2,687,"[{""value"":""venda"",""qty"":12},{""value"":""compra"",""qty"":5}]"
transacoes_investimento,quantidade,decimal,NO,,,,17,17,17,5,13,"[{""value"":""1.0000"",""qty"":8},{""value"":""10.0000"",""qty"":3},{""value"":""3.0000"",""qty"":2},{""value"":""5.0000"",""qty"":2},{""value"":""4.0000"",""qty"":2}]"
transacoes_investimento,preco,decimal,NO,,,,17,17,17,8,0,[]
transacoes_investimento,taxas,decimal,YES,0.00,,,17,17,17,2,1,"[{""value"":""0.00"",""qty"":15},{""value"":""5.00"",""qty"":2}]"
transacoes_investimento,data_transacao,date,NO,,,,17,17,17,3,0,"[{""value"":""2025-11-28"",""qty"":10},{""value"":""2025-01-15"",""qty"":6},{""value"":""2025-10-01"",""qty"":1}]"
transacoes_investimento,observacoes,text,YES,NULL,,,17,17,0,0,0,[]
transacoes_investimento,criado_em,datetime,YES,current_timestamp(),,,17,17,17,11,0,[]
transacoes_investimento,created_at,timestamp,YES,current_timestamp(),,,17,17,17,11,,[]
transacoes_investimento,updated_at,timestamp,YES,current_timestamp(),,"on update current_timestamp()",17,17,17,11,,[]
user_achievements,id,bigint,NO,,PRI,auto_increment,183,183,183,183,,[]
user_achievements,user_id,int,NO,,MUL,,183,183,183,31,,[]
user_achievements,achievement_id,bigint,NO,,MUL,,183,183,183,35,11,[]
user_achievements,unlocked_at,timestamp,NO,current_timestamp(),MUL,,183,183,183,97,10,[]
user_achievements,notification_seen,tinyint,NO,0,MUL,,183,183,183,2,9,"[{""value"":1,""qty"":178},{""value"":0,""qty"":5}]"
user_achievements,created_at,timestamp,YES,NULL,,,183,183,183,97,,[]
user_achievements,updated_at,timestamp,YES,NULL,,,183,183,183,86,,[]
user_category_rules,id,bigint,NO,,PRI,auto_increment,37,37,37,37,,[]
user_category_rules,user_id,bigint,NO,,MUL,,37,37,37,4,,"[{""value"":1,""qty"":23},{""value"":141,""qty"":9},{""value"":106,""qty"":4},{""value"":48,""qty"":1}]"
user_category_rules,pattern,varchar,NO,,,,37,37,37,36,90,[]
user_category_rules,normalized_pattern,varchar,NO,,,,37,37,37,36,8,[]
user_category_rules,categoria_id,bigint,NO,,,,37,37,37,19,202,[]
user_category_rules,subcategoria_id,bigint,YES,NULL,,,37,37,14,7,65,[]
user_category_rules,usage_count,int,NO,1,,,37,37,37,4,17,"[{""value"":1,""qty"":31},{""value"":2,""qty"":4},{""value"":5,""qty"":1},{""value"":3,""qty"":1}]"
user_category_rules,source,enum,NO,'correction',,,37,37,37,2,63,"[{""value"":""confirmed"",""qty"":28},{""value"":""correction"",""qty"":9}]"
user_category_rules,created_at,timestamp,YES,NULL,,,37,37,37,25,,[]
user_category_rules,updated_at,timestamp,YES,NULL,,,37,37,37,24,,[]
user_progress,id,bigint,NO,,PRI,auto_increment,18,18,18,18,,[]
user_progress,user_id,int,NO,,UNI,,18,18,18,18,,[]
user_progress,total_points,int,NO,0,MUL,,18,18,18,17,21,[]
user_progress,current_level,int,NO,1,MUL,,18,18,18,6,26,[]
user_progress,points_to_next_level,int,NO,100,,,18,18,18,17,12,[]
user_progress,progress_percentage,decimal,YES,0.00,,,18,18,18,2,5,"[{""value"":""0.00"",""qty"":17},{""value"":""11.60"",""qty"":1}]"
user_progress,current_streak,int,NO,0,MUL,,18,18,18,10,20,[]
user_progress,best_streak,int,NO,0,,,18,18,18,10,20,[]
user_progress,streak_freeze_used_this_month,tinyint,YES,0,,,18,18,18,1,4,"[{""value"":0,""qty"":18}]"
user_progress,streak_freeze_date,date,YES,NULL,,,18,18,0,0,2,[]
user_progress,streak_freeze_month,varchar,YES,NULL,,,18,18,0,0,2,[]
user_progress,last_activity_date,date,YES,NULL,,,18,18,17,14,17,[]
user_progress,created_at,timestamp,YES,NULL,,,18,18,18,18,,[]
user_progress,updated_at,timestamp,YES,NULL,,,18,18,18,18,,[]
usuarios,id,int,NO,,PRI,auto_increment,62,62,62,62,,[]
usuarios,support_code,varchar,YES,NULL,UNI,,62,62,55,55,14,[]
usuarios,nome,varchar,NO,,,,62,62,62,58,743,[]
usuarios,avatar,varchar,YES,NULL,,,62,62,2,2,34,"[{""value"":""assets/uploads/avatars/avatar_1_69b5d02f25013.webp"",""qty"":1},{""value"":""assets/uploads/avatars/avatar_26_69b9e5ea3c035.webp"",""qty"":1}]"
usuarios,avatar_zoom,decimal,NO,1.00,,,62,62,62,1,6,"[{""value"":""1.00"",""qty"":62}]"
usuarios,avatar_focus_y,tinyint,NO,50,,,62,62,62,1,6,"[{""value"":50,""qty"":62}]"
usuarios,avatar_focus_x,tinyint,NO,50,,,62,62,62,1,6,"[{""value"":50,""qty"":62}]"
usuarios,email,varchar,NO,,UNI,,62,62,62,62,,[]
usuarios,whatsapp_phone,varchar,YES,NULL,UNI,,62,62,0,0,8,[]
usuarios,whatsapp_verified,tinyint,NO,0,MUL,,62,62,62,1,7,"[{""value"":0,""qty"":62}]"
usuarios,telegram_chat_id,varchar,YES,NULL,UNI,,62,62,7,7,12,[]
usuarios,telegram_verified,tinyint,NO,0,MUL,,62,62,62,2,12,"[{""value"":0,""qty"":55},{""value"":1,""qty"":7}]"
usuarios,original_email_hash,varchar,YES,NULL,,,62,62,30,30,3,[]
usuarios,registration_ip,varchar,YES,NULL,,,62,62,30,28,4,[]
usuarios,last_login_ip,varchar,YES,NULL,,,62,62,0,0,3,[]
usuarios,email_verified_at,timestamp,YES,NULL,,,62,62,57,41,15,[]
usuarios,email_verification_token,varchar,YES,NULL,MUL,,62,62,0,0,7,[]
usuarios,email_verification_selector,varchar,YES,NULL,UNI,,62,62,0,0,5,[]
usuarios,email_verification_token_hash,char,YES,NULL,MUL,,62,62,4,4,6,"[{""value"":""96b9cc042085d1e81fe322d988086e27f33c500bc8292e36314346fe07be3c07"",""qty"":1},{""value"":""9da0d15abda1113baa504907c1cde0d00b9fdd6d771f2a9bc15930b42f1c5ff9"",""qty"":1},{""value"":""2defb7daaa3bb04e26eeaabf8e791e1c5fe478986be8f0e706541f8dd44af419"",""qty"":1},{""value"":""4de4e47682f7ea4bb3cc384a2e5f8bdaabd7a73dd401f8cfe4f041127cda32e6"",""qty"":1}]"
usuarios,email_verification_expires_at,timestamp,YES,NULL,,,62,62,41,41,5,[]
usuarios,email_verification_sent_at,timestamp,YES,NULL,,,62,62,41,41,6,[]
usuarios,email_verification_reminder_sent_at,timestamp,YES,NULL,,,62,62,0,0,4,[]
usuarios,google_id,varchar,YES,NULL,UNI,,62,62,15,15,22,[]
usuarios,referral_code,varchar,YES,NULL,UNI,,62,62,34,34,16,[]
usuarios,referred_by,bigint,YES,NULL,,,62,62,4,2,3,"[{""value"":26,""qty"":2},{""value"":1,""qty"":2}]"
usuarios,senha,varchar,YES,NULL,,,62,62,62,62,104,[]
usuarios,theme_preference,varchar,YES,NULL,,,62,62,16,2,15,"[{""value"":""dark"",""qty"":15},{""value"":""light"",""qty"":1}]"
usuarios,onboarding_completed_at,timestamp,YES,NULL,,,62,62,46,46,22,[]
usuarios,onboarding_mode,enum,YES,NULL,,,62,62,46,3,10,"[{""value"":""self"",""qty"":24},{""value"":""guided"",""qty"":18},{""value"":"""",""qty"":4}]"
usuarios,onboarding_tour_skipped_at,timestamp,YES,NULL,,,62,62,7,7,7,[]
usuarios,external_customer_id,varchar,YES,NULL,MUL,,62,62,1,1,16,"[{""value"":""cus_000165019717"",""qty"":1}]"
usuarios,gateway,varchar,YES,NULL,,,62,62,1,1,32,"[{""value"":""asaas"",""qty"":1}]"
usuarios,data_nascimento,date,YES,NULL,,,62,62,6,5,36,"[{""value"":""0000-00-00"",""qty"":2},{""value"":""1977-12-07"",""qty"":1},{""value"":""2002-09-08"",""qty"":1},{""value"":""1998-04-08"",""qty"":1},{""value"":""2005-05-05"",""qty"":1}]"
usuarios,id_sexo,int,YES,NULL,MUL,,62,62,4,2,8,"[{""value"":1,""qty"":3},{""value"":3,""qty"":1}]"
usuarios,created_at,timestamp,YES,NULL,,,62,62,62,62,,[]
usuarios,updated_at,timestamp,YES,NULL,,,62,62,62,20,,[]
usuarios,deleted_at,datetime,YES,NULL,,,62,62,3,3,,"[{""value"":""2026-02-20 11:23:39"",""qty"":1},{""value"":""2026-01-20 21:28:57"",""qty"":1},{""value"":""2026-02-18 13:11:45"",""qty"":1}]"
usuarios,is_admin,tinyint,YES,0,,,62,62,62,2,28,"[{""value"":0,""qty"":60},{""value"":1,""qty"":2}]"
webhook_idempotencia,id,bigint,NO,,PRI,auto_increment,7,7,7,7,,[]
webhook_idempotencia,idempotency_key,varchar,NO,,UNI,,7,7,7,7,2,[]
webhook_idempotencia,event_type,varchar,NO,,MUL,,7,7,7,2,9,"[{""value"":""PAYMENT_DELETED"",""qty"":4},{""value"":""PAYMENT_CREATED"",""qty"":3}]"
webhook_idempotencia,payload_hash,varchar,NO,,,,7,7,7,7,1,[]
webhook_idempotencia,processed_at,timestamp,NO,current_timestamp(),MUL,"on update current_timestamp()",7,7,7,7,1,[]
webhook_idempotencia,created_at,timestamp,YES,NULL,,,7,7,7,7,,[]
webhook_idempotencia,updated_at,timestamp,YES,NULL,,,7,7,0,0,,[]
whatsapp_messages,id,bigint,NO,,PRI,auto_increment,0,0,0,0,,[]
whatsapp_messages,wa_message_id,varchar,NO,,,,0,0,0,0,5,[]
whatsapp_messages,from_phone,varchar,NO,,MUL,,0,0,0,0,4,[]
whatsapp_messages,user_id,bigint,YES,NULL,MUL,,0,0,0,0,,[]
whatsapp_messages,direction,enum,NO,'incoming',,,0,0,0,0,11,[]
whatsapp_messages,type,enum,NO,'text',,,0,0,0,0,,[]
whatsapp_messages,body,text,YES,NULL,,,0,0,0,0,196,[]
whatsapp_messages,media_file_id,varchar,YES,NULL,,,0,0,0,0,4,[]
whatsapp_messages,media_mime_type,varchar,YES,NULL,,,0,0,0,0,4,[]
whatsapp_messages,media_file_size,int,YES,NULL,,,0,0,0,0,4,[]
whatsapp_messages,media_filename,varchar,YES,NULL,,,0,0,0,0,4,[]
whatsapp_messages,transcription,text,YES,NULL,,,0,0,0,0,6,[]
whatsapp_messages,metadata,longtext,YES,NULL,,,0,0,0,0,46,[]
whatsapp_messages,processing_status,enum,NO,'received',,,0,0,0,0,10,[]
whatsapp_messages,intent,varchar,YES,NULL,,,0,0,0,0,107,[]
whatsapp_messages,error_message,varchar,YES,NULL,,,0,0,0,0,16,[]
whatsapp_messages,created_at,timestamp,YES,NULL,,,0,0,0,0,,[]
whatsapp_messages,updated_at,timestamp,YES,NULL,,,0,0,0,0,,[]
whatsapp_pending,id,bigint,NO,,PRI,auto_increment,0,0,0,0,,[]
whatsapp_pending,user_id,bigint,NO,,,,0,0,0,0,,[]
whatsapp_pending,wa_message_id,varchar,NO,,,,0,0,0,0,5,[]
whatsapp_pending,descricao,varchar,NO,,,,0,0,0,0,326,[]
whatsapp_pending,valor,decimal,NO,,,,0,0,0,0,722,[]
whatsapp_pending,tipo,enum,NO,'despesa',,,0,0,0,0,687,[]
whatsapp_pending,data,date,NO,,,,0,0,0,0,3008,[]
whatsapp_pending,categoria_id,bigint,YES,NULL,,,0,0,0,0,202,[]
whatsapp_pending,subcategoria_id,bigint,YES,NULL,,,0,0,0,0,65,[]
whatsapp_pending,categoria_nome,varchar,YES,NULL,,,0,0,0,0,25,[]
whatsapp_pending,subcategoria_nome,varchar,YES,NULL,,,0,0,0,0,4,[]
whatsapp_pending,status,enum,NO,'awaiting_confirm',,,0,0,0,0,,[]
whatsapp_pending,expires_at,timestamp,YES,NULL,,,0,0,0,0,25,[]
whatsapp_pending,created_at,timestamp,YES,NULL,,,0,0,0,0,,[]
whatsapp_pending,updated_at,timestamp,YES,NULL,,,0,0,0,0,,[]
whatsapp_pending,deleted_at,timestamp,YES,NULL,,,0,0,0,0,,[]
